/*From the weather table, fetch all the records when London had extremely cold temperature for 3 consecutive days or more.

Note: Weather is considered to be extremely cold then its temperature is less than zero.*/

create TABLE weather
(id int primary key,
 city varchar(50),
 temperatures INT,
 date date
)

select * from weather

alter table weather
RENAME column temperatures to temperature


alter table weather
RENAME column date to day

SELECT * from weather

insert into weather values
(1, 'London', -1, to_date('2021-01-01','yyyy-mm-dd')),
(2, 'London', -2, to_date('2021-01-02','yyyy-mm-dd')),
(3, 'London', 4, to_date('2021-01-03','yyyy-mm-dd')),
(4, 'London', 1, to_date('2021-01-04','yyyy-mm-dd')),
(5, 'London', -2, to_date('2021-01-05','yyyy-mm-dd')),
(6, 'London', -5, to_date('2021-01-06','yyyy-mm-dd')),
(7, 'London', -7, to_date('2021-01-07','yyyy-mm-dd')),
(8, 'London', 5, to_date('2021-01-08','yyyy-mm-dd'));

select * from weather

select id, city, temperature, day 
from (
select *,
        case when temperature < 0
              and lead(temperature) over(order by day) < 0
              and lead(temperature,2) over(order by day) < 0
        then 'Y'
        when temperature < 0
              and lead(temperature) over(order by day) < 0
              and lag(temperature) over(order by day) < 0
        then 'Y'
        when temperature < 0
              and lag(temperature) over(order by day) < 0
              and lag(temperature,2) over(order by day) < 0
        then 'Y'
        end as flag
from weather)as x
where x.flag ='Y'




/*From the following 3 tables (event_category, physician_speciality, patient_treatment),
write a SQL query to get the histogram of specialities of the unique physicians
who have done the procedures but never did prescribe anything.*/

--Table Structure:

drop table event_category;
create table event_category
(
  event_name varchar(50),
  category varchar(100)
);

drop table physician_speciality;
create table physician_speciality
(
  physician_id int,
  speciality varchar(50)
);

drop table patient_treatment;
create table patient_treatment
(
  patient_id int,
  event_name varchar(50),
  physician_id int
);


insert into event_category values ('Chemotherapy','Procedure');
insert into event_category values ('Radiation','Procedure');
insert into event_category values ('Immunosuppressants','Prescription');
insert into event_category values ('BTKI','Prescription');
insert into event_category values ('Biopsy','Test');


insert into physician_speciality values (1000,'Radiologist');
insert into physician_speciality values (2000,'Oncologist');
insert into physician_speciality values (3000,'Hermatologist');
insert into physician_speciality values (4000,'Oncologist');
insert into physician_speciality values (5000,'Pathologist');
insert into physician_speciality values (6000,'Oncologist');


insert into patient_treatment values (1,'Radiation', 1000);
insert into patient_treatment values (2,'Chemotherapy', 2000);
insert into patient_treatment values (1,'Biopsy', 1000);
insert into patient_treatment values (3,'Immunosuppressants', 2000);
insert into patient_treatment values (4,'BTKI', 3000);
insert into patient_treatment values (5,'Radiation', 4000);
insert into patient_treatment values (4,'Chemotherapy', 2000);
insert into patient_treatment values (1,'Biopsy', 5000);
insert into patient_treatment values (6,'Chemotherapy', 6000);


select * from patient_treatment;
select * from event_category;
select * from physician_speciality;

SELECT speciality, count(*) from patient_treatment
join event_category
on event_category.event_name =patient_treatment.event_name
join physician_speciality
on physician_speciality.physician_id =patient_treatment.physician_id
where event_category.category ='Procedure' and patient_treatment.physician_id not in (select pt2.physician_id
							from patient_treatment pt2
							join event_category ec on ec.event_name = pt2.event_name
							where ec.category in ('Prescription'))
group by physician_speciality.speciality










